"Pharmaceutical","Pharmaceutical.1","Chemical_Class","Treated_As_FOR_PkA","target_Kd","target_LogKd","structure_Neg","structure_MV","structure_UI","structure_RB","structure_DB","soil_pH","soil_TOC"
"Amitriptyline","Amitriptyline","Base","Base",634.3,2.802294711,0,257.8,3.807,3,1,6.04,4.073
"Amitriptyline","Amitriptyline","Base","Base",667.26,2.824295091,0,257.8,3.807,3,1,3.19,5.897
"Amitriptyline","Amitriptyline","Base","Base",292.97,2.466823151,0,257.8,3.807,3,1,5.29,3.225
"Amitriptyline","Amitriptyline","Base","Base",307.68,2.488099267,0,257.8,3.807,3,1,6.73,3.479
"Amitriptyline","Amitriptyline","Base","Base",84.17,1.925157327,0,257.8,3.807,3,1,4.76,1.338
"Amitriptyline","Amitriptyline","Base","Base",111.83,2.048558325,0,257.8,3.807,3,1,5.17,1.447
"Amitriptyline","Amitriptyline","Base","Base",298.82,2.475409661,0,257.8,3.807,3,1,7.4,1.882
"Amitriptyline","Amitriptyline","Base","Base",971.73,2.987545611,0,257.8,3.807,3,1,7.07,1.813
"Amitriptyline","Amitriptyline","Base","Base",980.63,2.991505175,0,257.8,3.807,3,1,7.35,1.434
"Amitriptyline","Amitriptyline","Base","Base",748.76,2.874342636,0,257.8,3.807,3,1,7.43,1.227
"Amitriptyline","Amitriptyline","Base","Base",2798.6,3.44694083,0,257.8,3.807,3,1,7.18,4.53
"Amitriptyline","Amitriptyline","Base","Base",787.97,2.896509683,0,257.8,3.807,3,1,6.73,3.259
"Amitriptyline","Amitriptyline","Base","Base",1480.6,3.170437745,0,257.8,3.807,3,1,7.39,3.539
"Atenolol","Atenolol","Base","Base",20.31,1.307709923,0,236.7,3,8,1,6.04,4.073
"Atenolol","Atenolol","Base","Base",25.452,1.405721915,0,236.7,3,8,1,3.19,5.897
"Atenolol","Atenolol","Base","Base",5.526,0.742410881,0,236.7,3,8,1,5.29,3.225
"Atenolol","Atenolol","Base","Base",9.241,0.96571897,0,236.7,3,8,1,6.73,3.479
"Atenolol","Atenolol","Base","Base",1.679,0.225050696,0,236.7,3,8,1,4.76,1.338
"Atenolol","Atenolol","Base","Base",2.716,0.433929766,0,236.7,3,8,1,5.17,1.447
"Atenolol","Atenolol","Base","Base",10.027,1.001171015,0,236.7,3,8,1,7.4,1.882
"Atenolol","Atenolol","Base","Base",26.353,1.420830062,0,236.7,3,8,1,7.07,1.813
"Atenolol","Atenolol","Base","Base",20.294,1.307367656,0,236.7,3,8,1,7.35,1.434
"Atenolol","Atenolol","Base","Base",14.11,1.149527014,0,236.7,3,8,1,7.43,1.227
"Atenolol","Atenolol","Base","Base",29.889,1.475511385,0,236.7,3,8,1,7.18,4.53
"Atenolol","Atenolol","Base","Base",13.489,1.129979755,0,236.7,3,8,1,6.73,3.259
"Atenolol","Atenolol","Base","Base",31.613,1.499865711,0,236.7,3,8,1,7.39,3.539
"Citalopram","Citalopram","Base","Base",1568.7,3.195539897,0,272.6,3.807,6,0,6.04,4.073
"Citalopram","Citalopram","Base","Base",294.82,2.469556942,0,272.6,3.807,6,0,3.19,5.897
"Citalopram","Citalopram","Base","Base",208.12,2.318313817,0,272.6,3.807,6,0,5.29,3.225
"Citalopram","Citalopram","Base","Base",427.28,2.630712565,0,272.6,3.807,6,0,6.73,3.479
"Citalopram","Citalopram","Base","Base",93.149,1.969178197,0,272.6,3.807,6,0,4.76,1.338
"Citalopram","Citalopram","Base","Base",110.79,2.044500562,0,272.6,3.807,6,0,5.17,1.447
"Citalopram","Citalopram","Base","Base",1439.3,3.158151325,0,272.6,3.807,6,0,7.4,1.882
"Citalopram","Citalopram","Base","Base",7944.4,3.900061103,0,272.6,3.807,6,0,7.07,1.813
"Citalopram","Citalopram","Base","Base",5634.9,3.750886213,0,272.6,3.807,6,0,7.35,1.434
"Citalopram","Citalopram","Base","Base",4467,3.650015952,0,272.6,3.807,6,0,7.43,1.227
"Citalopram","Citalopram","Base","Base",12315,4.090434416,0,272.6,3.807,6,0,7.18,4.53
"Citalopram","Citalopram","Base","Base",994.8,2.997735777,0,272.6,3.807,6,0,6.73,3.259
"Citalopram","Citalopram","Base","Base",3471.8,3.540554699,0,272.6,3.807,6,0,7.39,3.539
"Clarithromycin","Clarithromycin","Base","Base",450.03,2.653241466,0,631.9,1.585,8,2,6.04,4.073
"Clarithromycin","Clarithromycin","Base","Base",20.695,1.315865431,0,631.9,1.585,8,2,3.19,5.897
"Clarithromycin","Clarithromycin","Base","Base",16.511,1.217773377,0,631.9,1.585,8,2,5.29,3.225
"Clarithromycin","Clarithromycin","Base","Base",59.518,1.774648329,0,631.9,1.585,8,2,6.73,3.479
"Clarithromycin","Clarithromycin","Base","Base",16.17,1.20871002,0,631.9,1.585,8,2,4.76,1.338
"Clarithromycin","Clarithromycin","Base","Base",38.261,1.582756317,0,631.9,1.585,8,2,5.17,1.447
"Clarithromycin","Clarithromycin","Base","Base",245.68,2.390369803,0,631.9,1.585,8,2,7.4,1.882
"Clarithromycin","Clarithromycin","Base","Base",3255.9,3.512671058,0,631.9,1.585,8,2,7.07,1.813
"Clarithromycin","Clarithromycin","Base","Base",1006.7,3.002900069,0,631.9,1.585,8,2,7.35,1.434
"Clarithromycin","Clarithromycin","Base","Base",1044.6,3.018950022,0,631.9,1.585,8,2,7.43,1.227
"Clarithromycin","Clarithromycin","Base","Base",2620.5,3.418384164,0,631.9,1.585,8,2,7.18,4.53
"Clarithromycin","Clarithromycin","Base","Base",205.72,2.313276516,0,631.9,1.585,8,2,6.73,3.259
"Clarithromycin","Clarithromycin","Base","Base",1150,3.06069784,0,631.9,1.585,8,2,7.39,3.539
"Codeine","Codeine","Base","Base",50.634,1.704442237,0,222.6,3,1,1,6.04,4.073
"Codeine","Codeine","Base","Base",56.132,1.749210517,0,222.6,3,1,1,3.19,5.897
"Codeine","Codeine","Base","Base",22.165,1.345667736,0,222.6,3,1,1,5.29,3.225
"Codeine","Codeine","Base","Base",23.863,1.377725041,0,222.6,3,1,1,6.73,3.479
"Codeine","Codeine","Base","Base",4.466,0.649918719,0,222.6,3,1,1,4.76,1.338
"Codeine","Codeine","Base","Base",6.092,0.784759895,0,222.6,3,1,1,5.17,1.447
"Codeine","Codeine","Base","Base",34.126,1.533085386,0,222.6,3,1,1,7.4,1.882
"Codeine","Codeine","Base","Base",97.318,1.988193175,0,222.6,3,1,1,7.07,1.813
"Codeine","Codeine","Base","Base",56.547,1.752409569,0,222.6,3,1,1,7.35,1.434
"Codeine","Codeine","Base","Base",39.086,1.592021228,0,222.6,3,1,1,7.43,1.227
"Codeine","Codeine","Base","Base",121.53,2.084683498,0,222.6,3,1,1,7.18,4.53
"Codeine","Codeine","Base","Base",38.481,1.585246349,0,222.6,3,1,1,6.73,3.259
"Codeine","Codeine","Base","Base",103.45,2.014730495,0,222.6,3,1,1,7.39,3.539
"Desvenlafaxine","Desvenlafaxine","Base","Base",24.808,1.394591753,0,236.1,2.807,4,0,6.04,4.073
"Desvenlafaxine","Desvenlafaxine","Base","Base",21.929,1.341018828,0,236.1,2.807,4,0,3.19,5.897
"Desvenlafaxine","Desvenlafaxine","Base","Base",3.844,0.584783379,0,236.1,2.807,4,0,5.29,3.225
"Desvenlafaxine","Desvenlafaxine","Base","Base",6.877,0.837399024,0,236.1,2.807,4,0,6.73,3.479
"Desvenlafaxine","Desvenlafaxine","Base","Base",1.795,0.254064453,0,236.1,2.807,4,0,4.76,1.338
"Desvenlafaxine","Desvenlafaxine","Base","Base",2.963,0.471731651,0,236.1,2.807,4,0,5.17,1.447
"Desvenlafaxine","Desvenlafaxine","Base","Base",10.772,1.032296345,0.01,236.1,2.807,4,0,7.4,1.882
"Desvenlafaxine","Desvenlafaxine","Base","Base",40.407,1.606456608,0,236.1,2.807,4,0,7.07,1.813
"Desvenlafaxine","Desvenlafaxine","Base","Base",28.316,1.452031904,0.01,236.1,2.807,4,0,7.35,1.434
"Desvenlafaxine","Desvenlafaxine","Base","Base",18.527,1.267805102,0.01,236.1,2.807,4,0,7.43,1.227
"Desvenlafaxine","Desvenlafaxine","Base","Base",41.038,1.613186187,0,236.1,2.807,4,0,7.18,4.53
"Desvenlafaxine","Desvenlafaxine","Base","Base",13.726,1.137543995,0,236.1,2.807,4,0,6.73,3.259
"Desvenlafaxine","Desvenlafaxine","Base","Base",39.056,1.591687762,0.01,236.1,2.807,4,0,7.39,3.539
"Erythromycin","Erythromycin","Base","Base",98.239,1.992283933,0,607.2,1.585,7,2,6.04,4.073
"Erythromycin","Erythromycin","Base","Base",3050,3.484299839,0,607.2,1.585,7,2,3.19,5.897
"Erythromycin","Erythromycin","Base","Base",3.211,0.506640306,0,607.2,1.585,7,2,5.29,3.225
"Erythromycin","Erythromycin","Base","Base",9.768,0.989805651,0,607.2,1.585,7,2,6.73,3.479
"Erythromycin","Erythromycin","Base","Base",3.769,0.576226137,0,607.2,1.585,7,2,4.76,1.338
"Erythromycin","Erythromycin","Base","Base",7.084,0.850278553,0,607.2,1.585,7,2,5.17,1.447
"Erythromycin","Erythromycin","Base","Base",54.696,1.737955567,0,607.2,1.585,7,2,7.4,1.882
"Erythromycin","Erythromycin","Base","Base",514.79,2.711630102,0,607.2,1.585,7,2,7.07,1.813
"Erythromycin","Erythromycin","Base","Base",429.12,2.632578756,0,607.2,1.585,7,2,7.35,1.434
"Erythromycin","Erythromycin","Base","Base",301.83,2.479762404,0,607.2,1.585,7,2,7.43,1.227
"Erythromycin","Erythromycin","Base","Base",681.66,2.83356781,0,607.2,1.585,7,2,7.18,4.53
"Erythromycin","Erythromycin","Base","Base",40.274,1.605024766,0,607.2,1.585,7,2,6.73,3.259
"Erythromycin","Erythromycin","Base","Base",247.91,2.394294045,0,607.2,1.585,7,2,7.39,3.539
"Fluoxetine","Fluoxetine","Base","Base",1401.6,3.146624089,0,266.7,3.7,7,0,6.04,4.073
"Fluoxetine","Fluoxetine","Base","Base",464.92,2.667378229,0,266.7,3.7,7,0,3.19,5.897
"Fluoxetine","Fluoxetine","Base","Base",377.96,2.57744584,0,266.7,3.7,7,0,5.29,3.225
"Fluoxetine","Fluoxetine","Base","Base",752.18,2.876321782,0,266.7,3.7,7,0,6.73,3.479
"Fluoxetine","Fluoxetine","Base","Base",125.2,2.097604329,0,266.7,3.7,7,0,4.76,1.338
"Fluoxetine","Fluoxetine","Base","Base",205,2.311753861,0,266.7,3.7,7,0,5.17,1.447
"Fluoxetine","Fluoxetine","Base","Base",816.85,2.912142313,0,266.7,3.7,7,0,7.4,1.882
"Fluoxetine","Fluoxetine","Base","Base",4588.3,3.661651806,0,266.7,3.7,7,0,7.07,1.813
"Fluoxetine","Fluoxetine","Base","Base",1641.8,3.215320251,0,266.7,3.7,7,0,7.35,1.434
"Fluoxetine","Fluoxetine","Base","Base",1398,3.145507171,0,266.7,3.7,7,0,7.43,1.227
"Fluoxetine","Fluoxetine","Base","Base",4291.8,3.632639475,0,266.7,3.7,7,0,7.18,4.53
"Fluoxetine","Fluoxetine","Base","Base",1054,3.022840611,0,266.7,3.7,7,0,6.73,3.259
"Fluoxetine","Fluoxetine","Base","Base",1708.7,3.232665819,0,266.7,3.7,7,0,7.39,3.539
"Hydrocodone","Hydrocodone","Base","Base",102.42,2.010384771,0,228.2,3,1,1,6.04,4.073
"Hydrocodone","Hydrocodone","Base","Base",68.655,1.836672171,0,228.2,3,1,1,3.19,5.897
"Hydrocodone","Hydrocodone","Base","Base",28.861,1.460311375,0,228.2,3,1,1,5.29,3.225
"Hydrocodone","Hydrocodone","Base","Base",33.967,1.531057191,0,228.2,3,1,1,6.73,3.479
"Hydrocodone","Hydrocodone","Base","Base",8.113,0.909181476,0,228.2,3,1,1,4.76,1.338
"Hydrocodone","Hydrocodone","Base","Base",11.986,1.078674273,0,228.2,3,1,1,5.17,1.447
"Hydrocodone","Hydrocodone","Base","Base",62.123,1.79325242,0,228.2,3,1,1,7.4,1.882
"Hydrocodone","Hydrocodone","Base","Base",187.41,2.272792761,0,228.2,3,1,1,7.07,1.813
"Hydrocodone","Hydrocodone","Base","Base",136.96,2.136593747,0,228.2,3,1,1,7.35,1.434
"Hydrocodone","Hydrocodone","Base","Base",89.912,1.953817658,0,228.2,3,1,1,7.43,1.227
"Hydrocodone","Hydrocodone","Base","Base",326.19,2.513470643,0,228.2,3,1,1,7.18,4.53
"Hydrocodone","Hydrocodone","Base","Base",77.289,1.888117688,0,228.2,3,1,1,6.73,3.259
"Hydrocodone","Hydrocodone","Base","Base",224.16,2.350558118,0,228.2,3,1,1,7.39,3.539
"Ketotifen","Ketotifen","Base","Base",516.66,2.71320484,0,250.2,3.807,0,2,6.04,4.073
"Ketotifen","Ketotifen","Base","Base",300.76,2.478220076,0,250.2,3.807,0,2,3.19,5.897
"Ketotifen","Ketotifen","Base","Base",144.44,2.15968748,0,250.2,3.807,0,2,5.29,3.225
"Ketotifen","Ketotifen","Base","Base",204.68,2.311075408,0,250.2,3.807,0,2,6.73,3.479
"Ketotifen","Ketotifen","Base","Base",58.635,1.768156929,0,250.2,3.807,0,2,4.76,1.338
"Ketotifen","Ketotifen","Base","Base",74.295,1.870959587,0,250.2,3.807,0,2,5.17,1.447
"Ketotifen","Ketotifen","Base","Base",382.99,2.583187435,0,250.2,3.807,0,2,7.4,1.882
"Ketotifen","Ketotifen","Base","Base",1083,3.034628457,0,250.2,3.807,0,2,7.07,1.813
"Ketotifen","Ketotifen","Base","Base",1084.7,3.03530964,0,250.2,3.807,0,2,7.35,1.434
"Ketotifen","Ketotifen","Base","Base",985.68,2.993735945,0,250.2,3.807,0,2,7.43,1.227
"Ketotifen","Ketotifen","Base","Base",2453.6,3.389803763,0,250.2,3.807,0,2,7.18,4.53
"Ketotifen","Ketotifen","Base","Base",492.99,2.69283811,0,250.2,3.807,0,2,6.73,3.259
"Ketotifen","Ketotifen","Base","Base",1523,3.182699903,0,250.2,3.807,0,2,7.39,3.539
"Metformin","Metformin","Base","Base",74.932,1.874667324,0,100.8,1.585,3,2,6.04,4.073
"Metformin","Metformin","Base","Base",530.96,2.725061805,0,100.8,1.585,3,2,3.19,5.897
"Metformin","Metformin","Base","Base",71.779,1.855997404,0,100.8,1.585,3,2,5.29,3.225
"Metformin","Metformin","Base","Base",8.257,0.916822285,0,100.8,1.585,3,2,6.73,3.479
"Metformin","Metformin","Base","Base",93.622,1.971377915,0,100.8,1.585,3,2,4.76,1.338
"Metformin","Metformin","Base","Base",37.196,1.570496239,0,100.8,1.585,3,2,5.17,1.447
"Metformin","Metformin","Base","Base",11.01,1.041787319,0,100.8,1.585,3,2,7.4,1.882
"Metformin","Metformin","Base","Base",108.41,2.035069344,0,100.8,1.585,3,2,7.07,1.813
"Metformin","Metformin","Base","Base",18.752,1.273047594,0,100.8,1.585,3,2,7.35,1.434
"Metformin","Metformin","Base","Base",14.164,1.151185918,0,100.8,1.585,3,2,7.43,1.227
"Metformin","Metformin","Base","Base",15.917,1.201861216,0,100.8,1.585,3,2,7.18,4.53
"Metformin","Metformin","Base","Base",12.143,1.084325995,0,100.8,1.585,3,2,6.73,3.259
"Metformin","Metformin","Base","Base",16.782,1.224843717,0,100.8,1.585,3,2,7.39,3.539
"Nicotine","Nicotine","Base","Base",38.964,1.590663535,0,157.2,2.807,1,0,6.04,4.073
"Nicotine","Nicotine","Base","Base",303.64,2.482358983,0,157.2,2.807,1,0,3.19,5.897
"Nicotine","Nicotine","Base","Base",34.549,1.538435481,0,157.2,2.807,1,0,5.29,3.225
"Nicotine","Nicotine","Base","Base",12.174,1.085433297,0,157.2,2.807,1,0,6.73,3.479
"Nicotine","Nicotine","Base","Base",48.418,1.685006846,0,157.2,2.807,1,0,4.76,1.338
"Nicotine","Nicotine","Base","Base",19.291,1.285354741,0,157.2,2.807,1,0,5.17,1.447
"Nicotine","Nicotine","Base","Base",12.442,1.094890197,0,157.2,2.807,1,0,7.4,1.882
"Nicotine","Nicotine","Base","Base",43.241,1.635895729,0,157.2,2.807,1,0,7.07,1.813
"Nicotine","Nicotine","Base","Base",17.166,1.234669108,0,157.2,2.807,1,0,7.35,1.434
"Nicotine","Nicotine","Base","Base",11.359,1.0553401,0,157.2,2.807,1,0,7.43,1.227
"Nicotine","Nicotine","Base","Base",69.453,1.84169101,0,157.2,2.807,1,0,7.18,4.53
"Nicotine","Nicotine","Base","Base",20.484,1.311414767,0,157.2,2.807,1,0,6.73,3.259
"Nicotine","Nicotine","Base","Base",31.189,1.49400145,0,157.2,2.807,1,0,7.39,3.539
"Propranolol","Propranolol","Base","Base",192.98,2.285512302,0,237.2,3.585,6,0,6.04,4.073
"Propranolol","Propranolol","Base","Base",305.01,2.484314078,0,237.2,3.585,6,0,3.19,5.897
"Propranolol","Propranolol","Base","Base",93.987,1.973067787,0,237.2,3.585,6,0,5.29,3.225
"Propranolol","Propranolol","Base","Base",79.96,1.902872785,0,237.2,3.585,6,0,6.73,3.479
"Propranolol","Propranolol","Base","Base",26.179,1.417953053,0,237.2,3.585,6,0,4.76,1.338
"Propranolol","Propranolol","Base","Base",39.034,1.591443058,0,237.2,3.585,6,0,5.17,1.447
"Propranolol","Propranolol","Base","Base",72.166,1.858332634,0,237.2,3.585,6,0,7.4,1.882
"Propranolol","Propranolol","Base","Base",77.505,1.889329721,0,237.2,3.585,6,0,7.07,1.813
"Propranolol","Propranolol","Base","Base",83.367,1.920994173,0,237.2,3.585,6,0,7.35,1.434
"Propranolol","Propranolol","Base","Base",75.63,1.8786941,0,237.2,3.585,6,0,7.43,1.227
"Propranolol","Propranolol","Base","Base",233.98,2.369178737,0,237.2,3.585,6,0,7.18,4.53
"Propranolol","Propranolol","Base","Base",110.21,2.042221002,0,237.2,3.585,6,0,6.73,3.259
"Propranolol","Propranolol","Base","Base",169.85,2.230065551,0,237.2,3.585,6,0,7.39,3.539
"Ranitidine","Ranitidine","Base","Base",327.34,2.514999078,0,265.4,3,10,2,6.04,4.073
"Ranitidine","Ranitidine","Base","Base",392.17,2.593474368,0,265.4,3,10,2,3.19,5.897
"Ranitidine","Ranitidine","Base","Base",162.59,2.211093831,0,265.4,3,10,2,5.29,3.225
"Ranitidine","Ranitidine","Base","Base",125.01,2.096944755,0,265.4,3,10,2,6.73,3.479
"Ranitidine","Ranitidine","Base","Base",82.975,1.918947261,0,265.4,3,10,2,4.76,1.338
"Ranitidine","Ranitidine","Base","Base",71.699,1.855513099,0,265.4,3,10,2,5.17,1.447
"Ranitidine","Ranitidine","Base","Base",192.27,2.283911526,0,265.4,3,10,2,7.4,1.882
"Ranitidine","Ranitidine","Base","Base",666.05,2.823506833,0,265.4,3,10,2,7.07,1.813
"Ranitidine","Ranitidine","Base","Base",416.1,2.619197716,0,265.4,3,10,2,7.35,1.434
"Ranitidine","Ranitidine","Base","Base",458.04,2.660903406,0,265.4,3,10,2,7.43,1.227
"Ranitidine","Ranitidine","Base","Base",1125.5,3.051345499,0,265.4,3,10,2,7.18,4.53
"Ranitidine","Ranitidine","Base","Base",373.96,2.572825151,0,265.4,3,10,2,6.73,3.259
"Ranitidine","Ranitidine","Base","Base",691.38,2.839716812,0,265.4,3,10,2,7.39,3.539
"Salbutamol","Salbutamol","Base","Base",5.009,0.699751032,0,207.6,2.807,5,0,6.04,4.073
"Salbutamol","Salbutamol","Base","Base",4.464,0.649724186,0,207.6,2.807,5,0,3.19,5.897
"Salbutamol","Salbutamol","Base","Base",1.774,0.248953615,0,207.6,2.807,5,0,5.29,3.225
"Salbutamol","Salbutamol","Base","Base",3.401,0.531606632,0,207.6,2.807,5,0,6.73,3.479
"Salbutamol","Salbutamol","Base","Base",1.198,0.078456818,0,207.6,2.807,5,0,4.76,1.338
"Salbutamol","Salbutamol","Base","Base",1.878,0.273695588,0,207.6,2.807,5,0,5.17,1.447
"Salbutamol","Salbutamol","Base","Base",2.214,0.345177617,0,207.6,2.807,5,0,7.4,1.882
"Salbutamol","Salbutamol","Base","Base",2.868,0.457579147,0,207.6,2.807,5,0,7.07,1.813
"Salbutamol","Salbutamol","Base","Base",3.43,0.53529412,0,207.6,2.807,5,0,7.35,1.434
"Salbutamol","Salbutamol","Base","Base",2.358,0.372543801,0,207.6,2.807,5,0,7.43,1.227
"Salbutamol","Salbutamol","Base","Base",4.164,0.619510721,0,207.6,2.807,5,0,7.18,4.53
"Salbutamol","Salbutamol","Base","Base",3.692,0.567261692,0,207.6,2.807,5,0,6.73,3.259
"Salbutamol","Salbutamol","Base","Base",6.249,0.795810525,0,207.6,2.807,5,0,7.39,3.539
"Sitagliptin","Sitagliptin","Base","Base",497.39,2.69669705,0,252.4,3.7,5,1,6.04,4.073
"Sitagliptin","Sitagliptin","Base","Base",105.56,2.023499382,0,252.4,3.7,5,1,3.19,5.897
"Sitagliptin","Sitagliptin","Base","Base",152.19,2.182386117,0,252.4,3.7,5,1,5.29,3.225
"Sitagliptin","Sitagliptin","Base","Base",157.4,2.197004728,0,252.4,3.7,5,1,6.73,3.479
"Sitagliptin","Sitagliptin","Base","Base",34.769,1.5411922,0,252.4,3.7,5,1,4.76,1.338
"Sitagliptin","Sitagliptin","Base","Base",52.581,1.720828841,0,252.4,3.7,5,1,5.17,1.447
"Sitagliptin","Sitagliptin","Base","Base",261.66,2.417737337,0,252.4,3.7,5,1,7.4,1.882
"Sitagliptin","Sitagliptin","Base","Base",741.61,2.870175577,0,252.4,3.7,5,1,7.07,1.813
"Sitagliptin","Sitagliptin","Base","Base",253.68,2.404286229,0,252.4,3.7,5,1,7.35,1.434
"Sitagliptin","Sitagliptin","Base","Base",255.64,2.407628809,0,252.4,3.7,5,1,7.43,1.227
"Sitagliptin","Sitagliptin","Base","Base",819.03,2.91329981,0,252.4,3.7,5,1,7.18,4.53
"Sitagliptin","Sitagliptin","Base","Base",255.67,2.407679771,0,252.4,3.7,5,1,6.73,3.259
"Sitagliptin","Sitagliptin","Base","Base",490.33,2.690488466,0,252.4,3.7,5,1,7.39,3.539
"Tramadol","Tramadol","Base","Base",26.548,1.424031809,0,251.4,2.807,4,0,6.04,4.073
"Tramadol","Tramadol","Base","Base",29.381,1.468066573,0,251.4,2.807,4,0,3.19,5.897
"Tramadol","Tramadol","Base","Base",3.985,0.600428326,0,251.4,2.807,4,0,5.29,3.225
"Tramadol","Tramadol","Base","Base",12.439,1.094785468,0,251.4,2.807,4,0,6.73,3.479
"Tramadol","Tramadol","Base","Base",1.895,0.277609214,0,251.4,2.807,4,0,4.76,1.338
"Tramadol","Tramadol","Base","Base",3.086,0.489395922,0,251.4,2.807,4,0,5.17,1.447
"Tramadol","Tramadol","Base","Base",10.873,1.036349388,0,251.4,2.807,4,0,7.4,1.882
"Tramadol","Tramadol","Base","Base",42.128,1.624570842,0,251.4,2.807,4,0,7.07,1.813
"Tramadol","Tramadol","Base","Base",28.034,1.447685069,0,251.4,2.807,4,0,7.35,1.434
"Tramadol","Tramadol","Base","Base",18.816,1.274527304,0,251.4,2.807,4,0,7.43,1.227
"Tramadol","Tramadol","Base","Base",42.224,1.625559373,0,251.4,2.807,4,0,7.18,4.53
"Tramadol","Tramadol","Base","Base",14.017,1.146655073,0,251.4,2.807,4,0,6.73,3.259
"Tramadol","Tramadol","Base","Base",40.21,1.604334073,0,251.4,2.807,4,0,7.39,3.539
"Venlafaxine","Venlafaxine","Base","Base",149.83,2.17559878,0,261.7,2.807,5,0,6.04,4.073
"Venlafaxine","Venlafaxine","Base","Base",34.205,1.534089595,0,261.7,2.807,5,0,3.19,5.897
"Venlafaxine","Venlafaxine","Base","Base",22.089,1.344176055,0,261.7,2.807,5,0,5.29,3.225
"Venlafaxine","Venlafaxine","Base","Base",31.593,1.499590867,0,261.7,2.807,5,0,6.73,3.479
"Venlafaxine","Venlafaxine","Base","Base",8.954,0.95201709,0,261.7,2.807,5,0,4.76,1.338
"Venlafaxine","Venlafaxine","Base","Base",13.308,1.124112792,0,261.7,2.807,5,0,5.17,1.447
"Venlafaxine","Venlafaxine","Base","Base",72.236,1.858753689,0,261.7,2.807,5,0,7.4,1.882
"Venlafaxine","Venlafaxine","Base","Base",449.87,2.653087033,0,261.7,2.807,5,0,7.07,1.813
"Venlafaxine","Venlafaxine","Base","Base",234.08,2.369364309,0,261.7,2.807,5,0,7.35,1.434
"Venlafaxine","Venlafaxine","Base","Base",178.83,2.252440377,0,261.7,2.807,5,0,7.43,1.227
"Venlafaxine","Venlafaxine","Base","Base",878.26,2.943623103,0,261.7,2.807,5,0,7.18,4.53
"Venlafaxine","Venlafaxine","Base","Base",92.069,1.964113426,0,261.7,2.807,5,0,6.73,3.259
"Venlafaxine","Venlafaxine","Base","Base",201.11,2.303433666,0,261.7,2.807,5,0,7.39,3.539
"Verapamil","Verapamil","Base","Base",6910,3.839478047,0,429.4,3.807,14,0,6.04,4.073
"Verapamil","Verapamil","Base","Base",809.72,2.908334866,0,429.4,3.807,14,0,3.19,5.897
"Verapamil","Verapamil","Base","Base",736.33,2.867072495,0,429.4,3.807,14,0,5.29,3.225
"Verapamil","Verapamil","Base","Base",1347.4,3.129496543,0,429.4,3.807,14,0,6.73,3.479
"Verapamil","Verapamil","Base","Base",175.81,2.245043574,0,429.4,3.807,14,0,4.76,1.338
"Verapamil","Verapamil","Base","Base",519.72,2.71576943,0,429.4,3.807,14,0,5.17,1.447
"Verapamil","Verapamil","Base","Base",4595.4,3.66232332,0,429.4,3.807,14,0,7.4,1.882
"Verapamil","Verapamil","Base","Base",28322,4.452123918,0,429.4,3.807,14,0,7.07,1.813
"Verapamil","Verapamil","Base","Base",18071,4.256982186,0,429.4,3.807,14,0,7.35,1.434
"Verapamil","Verapamil","Base","Base",17756,4.249345136,0,429.4,3.807,14,0,7.43,1.227
"Verapamil","Verapamil","Base","Base",35503,4.550265052,0,429.4,3.807,14,0,7.18,4.53
"Verapamil","Verapamil","Base","Base",3152,3.498586209,0,429.4,3.807,14,0,6.73,3.259
"Verapamil","Verapamil","Base","Base",12514,4.097396151,0,429.4,3.807,14,0,7.39,3.539
"Cimetidine","Cimetidine","Base","Base",109.28,2.038540686,0,198.2,3,8,1,6.04,4.073
"Cimetidine","Cimetidine","Base","Base",101.91,2.008216802,0,198.2,3,8,1,3.19,5.897
"Cimetidine","Cimetidine","Base","Base",59.122,1.771749117,0,198.2,3,8,1,5.29,3.225
"Cimetidine","Cimetidine","Base","Base",41.845,1.621643572,0,198.2,3,8,1,6.73,3.479
"Cimetidine","Cimetidine","Base","Base",19.043,1.279735367,0,198.2,3,8,1,4.76,1.338
"Cimetidine","Cimetidine","Base","Base",20.214,1.305652261,0,198.2,3,8,1,5.17,1.447
"Cimetidine","Cimetidine","Base","Base",22.726,1.356523002,0,198.2,3,8,1,7.4,1.882
"Cimetidine","Cimetidine","Base","Base",134.93,2.13010852,0,198.2,3,8,1,7.07,1.813
"Cimetidine","Cimetidine","Base","Base",48.971,1.689938973,0,198.2,3,8,1,7.35,1.434
"Cimetidine","Cimetidine","Base","Base",37.915,1.57881106,0,198.2,3,8,1,7.43,1.227
"Cimetidine","Cimetidine","Base","Base",92.913,1.968076483,0,198.2,3,8,1,7.18,4.53
"Cimetidine","Cimetidine","Base","Base",80.814,1.907486603,0,198.2,3,8,1,6.73,3.259
"Cimetidine","Cimetidine","Base","Base",86.343,1.936227134,0,198.2,3,8,1,7.39,3.539
"Cotinine","Cotinine","Neutral","Neutral",2.6,0.414973348,0,153.7,3,1,1,6.04,4.073
"Cotinine","Cotinine","Neutral","Neutral",11.516,1.061301656,0,153.7,3,1,1,3.19,5.897
"Cotinine","Cotinine","Neutral","Neutral",1.46,0.164352856,0,153.7,3,1,1,5.29,3.225
"Cotinine","Cotinine","Neutral","Neutral",0.317,-0.498940738,0,153.7,3,1,1,6.73,3.479
"Cotinine","Cotinine","Neutral","Neutral",2.47,0.392696953,0,153.7,3,1,1,4.76,1.338
"Cotinine","Cotinine","Neutral","Neutral",1.493,0.174059808,0,153.7,3,1,1,5.17,1.447
"Cotinine","Cotinine","Neutral","Neutral",0.698,-0.156144577,0,153.7,3,1,1,7.4,1.882
"Cotinine","Cotinine","Neutral","Neutral",1.09,0.037426498,0,153.7,3,1,1,7.07,1.813
"Cotinine","Cotinine","Neutral","Neutral",1.041,0.01745073,0,153.7,3,1,1,7.35,1.434
"Cotinine","Cotinine","Neutral","Neutral",0.677,-0.169411331,0,153.7,3,1,1,7.43,1.227
"Cotinine","Cotinine","Neutral","Neutral",1.485,0.171726454,0,153.7,3,1,1,7.18,4.53
"Cotinine","Cotinine","Neutral","Neutral",1.539,0.18723862,0,153.7,3,1,1,6.73,3.259
"Cotinine","Cotinine","Neutral","Neutral",2.091,0.320354033,0,153.7,3,1,1,7.39,3.539
"Diazepam","Diazepam","Neutral","Neutral",48.968,1.689912366,0,225.9,3.907,1,2,6.04,4.073
"Diazepam","Diazepam","Neutral","Neutral",129.87,2.113508841,0,225.9,3.907,1,2,3.19,5.897
"Diazepam","Diazepam","Neutral","Neutral",32.952,1.517881779,0,225.9,3.907,1,2,5.29,3.225
"Diazepam","Diazepam","Neutral","Neutral",29.917,1.475918041,0,225.9,3.907,1,2,6.73,3.479
"Diazepam","Diazepam","Neutral","Neutral",8.712,0.940117867,0,225.9,3.907,1,2,4.76,1.338
"Diazepam","Diazepam","Neutral","Neutral",16.077,1.206205012,0,225.9,3.907,1,2,5.17,1.447
"Diazepam","Diazepam","Neutral","Neutral",20.367,1.308927063,0,225.9,3.907,1,2,7.4,1.882
"Diazepam","Diazepam","Neutral","Neutral",26.097,1.416590586,0,225.9,3.907,1,2,7.07,1.813
"Diazepam","Diazepam","Neutral","Neutral",25.404,1.404902104,0,225.9,3.907,1,2,7.35,1.434
"Diazepam","Diazepam","Neutral","Neutral",21.857,1.339590552,0,225.9,3.907,1,2,7.43,1.227
"Diazepam","Diazepam","Neutral","Neutral",66.015,1.819642628,0,225.9,3.907,1,2,7.18,4.53
"Diazepam","Diazepam","Neutral","Neutral",34.336,1.5357497,0,225.9,3.907,1,2,6.73,3.259
"Diazepam","Diazepam","Neutral","Neutral",47.891,1.680253906,0,225.9,3.907,1,2,7.39,3.539
"Diltiazem","Diltiazem","Base","Base",347.91,2.541466912,0,327.6,3.907,7,2,6.04,4.073
"Diltiazem","Diltiazem","Base","Base",292,2.465382851,0,327.6,3.907,7,2,3.19,5.897
"Diltiazem","Diltiazem","Base","Base",101.84,2.007918391,0,327.6,3.907,7,2,5.29,3.225
"Diltiazem","Diltiazem","Base","Base",120.39,2.080590414,0,327.6,3.907,7,2,6.73,3.479
"Diltiazem","Diltiazem","Base","Base",28.029,1.447607604,0,327.6,3.907,7,2,4.76,1.338
"Diltiazem","Diltiazem","Base","Base",46.498,1.667434273,0,327.6,3.907,7,2,5.17,1.447
"Diltiazem","Diltiazem","Base","Base",204.89,2.311520762,0,327.6,3.907,7,2,7.4,1.882
"Diltiazem","Diltiazem","Base","Base",544.64,2.736109534,0,327.6,3.907,7,2,7.07,1.813
"Diltiazem","Diltiazem","Base","Base",410.09,2.612879179,0,327.6,3.907,7,2,7.35,1.434
"Diltiazem","Diltiazem","Base","Base",349.65,2.543633533,0,327.6,3.907,7,2,7.43,1.227
"Diltiazem","Diltiazem","Base","Base",959.62,2.982099291,0,327.6,3.907,7,2,7.18,4.53
"Diltiazem","Diltiazem","Base","Base",231.06,2.363724769,0,327.6,3.907,7,2,6.73,3.259
"Diltiazem","Diltiazem","Base","Base",790.84,2.898088627,0,327.6,3.907,7,2,7.39,3.539
"Lidocaine","Lidocaine","Base","Base",7.214,0.858176138,0,238.8,3,5,1,6.04,4.073
"Lidocaine","Lidocaine","Base","Base",14.248,1.153753906,0,238.8,3,5,1,3.19,5.897
"Lidocaine","Lidocaine","Base","Base",2.154,0.333245699,0,238.8,3,5,1,5.29,3.225
"Lidocaine","Lidocaine","Base","Base",2.506,0.398981067,0,238.8,3,5,1,6.73,3.479
"Lidocaine","Lidocaine","Base","Base",1.031,0.013258665,0,238.8,3,5,1,4.76,1.338
"Lidocaine","Lidocaine","Base","Base",1.324,0.121887985,0,238.8,3,5,1,5.17,1.447
"Lidocaine","Lidocaine","Base","Base",2.716,0.433929766,0,238.8,3,5,1,7.4,1.882
"Lidocaine","Lidocaine","Base","Base",6.376,0.804548308,0,238.8,3,5,1,7.07,1.813
"Lidocaine","Lidocaine","Base","Base",4.891,0.689397663,0,238.8,3,5,1,7.35,1.434
"Lidocaine","Lidocaine","Base","Base",3.619,0.558588583,0,238.8,3,5,1,7.43,1.227
"Lidocaine","Lidocaine","Base","Base",8.627,0.935859798,0,238.8,3,5,1,7.18,4.53
"Lidocaine","Lidocaine","Base","Base",3.849,0.585347911,0,238.8,3,5,1,6.73,3.259
"Lidocaine","Lidocaine","Base","Base",7.614,0.881612872,0,238.8,3,5,1,7.39,3.539
"Lincomycin","Lincomycin","Base","Base",7.579,0.879611907,0,313.3,1,7,1,6.04,4.073
"Lincomycin","Lincomycin","Base","Base",4.317,0.635182049,0,313.3,1,7,1,3.19,5.897
"Lincomycin","Lincomycin","Base","Base",3.388,0.529943402,0,313.3,1,7,1,5.29,3.225
"Lincomycin","Lincomycin","Base","Base",2.88,0.459392488,0,313.3,1,7,1,6.73,3.479
"Lincomycin","Lincomycin","Base","Base",2.205,0.343408594,0,313.3,1,7,1,4.76,1.338
"Lincomycin","Lincomycin","Base","Base",1.01,0.004321374,0,313.3,1,7,1,5.17,1.447
"Lincomycin","Lincomycin","Base","Base",2.211,0.344588743,0,313.3,1,7,1,7.4,1.882
"Lincomycin","Lincomycin","Base","Base",5.044,0.702775078,0,313.3,1,7,1,7.07,1.813
"Lincomycin","Lincomycin","Base","Base",3.162,0.499961866,0,313.3,1,7,1,7.35,1.434
"Lincomycin","Lincomycin","Base","Base",2.288,0.35945602,0,313.3,1,7,1,7.43,1.227
"Lincomycin","Lincomycin","Base","Base",9.529,0.979047327,0,313.3,1,7,1,7.18,4.53
"Lincomycin","Lincomycin","Base","Base",2.252,0.352568386,0,313.3,1,7,1,6.73,3.259
"Lincomycin","Lincomycin","Base","Base",5.364,0.729488769,0,313.3,1,7,1,7.39,3.539
"Loratadine","Loratadine","Neutral/weak base","Neutral/weak base",848.76,2.928784904,0,303.5,3.907,2,2,6.04,4.073
"Loratadine","Loratadine","Neutral/weak base","Neutral/weak base",779.66,2.891905254,0,303.5,3.907,2,2,3.19,5.897
"Loratadine","Loratadine","Neutral/weak base","Neutral/weak base",644.03,2.808906098,0,303.5,3.907,2,2,5.29,3.225
"Loratadine","Loratadine","Neutral/weak base","Neutral/weak base",361.05,2.557567349,0,303.5,3.907,2,2,6.73,3.479
"Loratadine","Loratadine","Neutral/weak base","Neutral/weak base",193.29,2.286209386,0,303.5,3.907,2,2,4.76,1.338
"Loratadine","Loratadine","Neutral/weak base","Neutral/weak base",314.04,2.496984969,0,303.5,3.907,2,2,5.17,1.447
"Loratadine","Loratadine","Neutral/weak base","Neutral/weak base",270.62,2.43235989,0,303.5,3.907,2,2,7.4,1.882
"Loratadine","Loratadine","Neutral/weak base","Neutral/weak base",499.31,2.698370264,0,303.5,3.907,2,2,7.07,1.813
"Loratadine","Loratadine","Neutral/weak base","Neutral/weak base",457.71,2.660590401,0,303.5,3.907,2,2,7.35,1.434
"Loratadine","Loratadine","Neutral/weak base","Neutral/weak base",369.92,2.568107812,0,303.5,3.907,2,2,7.43,1.227
"Loratadine","Loratadine","Neutral/weak base","Neutral/weak base",1209.7,3.082677681,0,303.5,3.907,2,2,7.18,4.53
"Loratadine","Loratadine","Neutral/weak base","Neutral/weak base",830.82,2.919506943,0,303.5,3.907,2,2,6.73,3.259
"Loratadine","Loratadine","Neutral/weak base","Neutral/weak base",742.34,2.870602863,0,303.5,3.907,2,2,7.39,3.539
"Metronidazole","Metronidazole","Neutral/weak base","Neutral/weak base",1.768,0.247482261,0,117.9,2.807,3,1,6.04,4.073
"Metronidazole","Metronidazole","Neutral/weak base","Neutral/weak base",5.668,0.753429842,0,117.9,2.807,3,1,3.19,5.897
"Metronidazole","Metronidazole","Neutral/weak base","Neutral/weak base",0.944,-0.025028006,0,117.9,2.807,3,1,5.29,3.225
"Metronidazole","Metronidazole","Neutral/weak base","Neutral/weak base",0.702,-0.153662888,0,117.9,2.807,3,1,6.73,3.479
"Metronidazole","Metronidazole","Neutral/weak base","Neutral/weak base",0.595,-0.225483034,0,117.9,2.807,3,1,4.76,1.338
"Metronidazole","Metronidazole","Neutral/weak base","Neutral/weak base",0.698,-0.156144577,0,117.9,2.807,3,1,5.17,1.447
"Metronidazole","Metronidazole","Neutral/weak base","Neutral/weak base",1.002,0.000867722,0,117.9,2.807,3,1,7.4,1.882
"Metronidazole","Metronidazole","Neutral/weak base","Neutral/weak base",1.01,0.004321374,0,117.9,2.807,3,1,7.07,1.813
"Metronidazole","Metronidazole","Neutral/weak base","Neutral/weak base",1.097,0.040206628,0,117.9,2.807,3,1,7.35,1.434
"Metronidazole","Metronidazole","Neutral/weak base","Neutral/weak base",0.875,-0.057991947,0,117.9,2.807,3,1,7.43,1.227
"Metronidazole","Metronidazole","Neutral/weak base","Neutral/weak base",1.382,0.140508043,0,117.9,2.807,3,1,7.18,4.53
"Metronidazole","Metronidazole","Neutral/weak base","Neutral/weak base",0.786,-0.104577454,0,117.9,2.807,3,1,6.73,3.259
"Metronidazole","Metronidazole","Neutral/weak base","Neutral/weak base",1.311,0.117602692,0,117.9,2.807,3,1,7.39,3.539
"Nevirapine","Nevirapine","Neutral/weak base","Neutral/weak base",10.114,1.004922949,0,197.3,3.807,1,1,6.04,4.073
"Nevirapine","Nevirapine","Neutral/weak base","Neutral/weak base",33.944,1.530763019,0,197.3,3.807,1,1,3.19,5.897
"Nevirapine","Nevirapine","Neutral/weak base","Neutral/weak base",3.561,0.551571974,0,197.3,3.807,1,1,5.29,3.225
"Nevirapine","Nevirapine","Neutral/weak base","Neutral/weak base",4.779,0.679337031,0,197.3,3.807,1,1,6.73,3.479
"Nevirapine","Nevirapine","Neutral/weak base","Neutral/weak base",1.706,0.231979027,0,197.3,3.807,1,1,4.76,1.338
"Nevirapine","Nevirapine","Neutral/weak base","Neutral/weak base",1.762,0.246005904,0,197.3,3.807,1,1,5.17,1.447
"Nevirapine","Nevirapine","Neutral/weak base","Neutral/weak base",3.131,0.495683068,0,197.3,3.807,1,1,7.4,1.882
"Nevirapine","Nevirapine","Neutral/weak base","Neutral/weak base",2.515,0.400537989,0,197.3,3.807,1,1,7.07,1.813
"Nevirapine","Nevirapine","Neutral/weak base","Neutral/weak base",3.389,0.530071569,0,197.3,3.807,1,1,7.35,1.434
"Nevirapine","Nevirapine","Neutral/weak base","Neutral/weak base",2.467,0.392169149,0,197.3,3.807,1,1,7.43,1.227
"Nevirapine","Nevirapine","Neutral/weak base","Neutral/weak base",6.191,0.791760804,0,197.3,3.807,1,1,7.18,4.53
"Nevirapine","Nevirapine","Neutral/weak base","Neutral/weak base",4.387,0.642167634,0,197.3,3.807,1,1,6.73,3.259
"Nevirapine","Nevirapine","Neutral/weak base","Neutral/weak base",6.811,0.83321088,0,197.3,3.807,1,1,7.39,3.539
"Triamterene","Triamterene","Neutral/weak base","Neutral/weak base",1453.8,3.162504665,0,149.5,4.17,1,0,6.04,4.073
"Triamterene","Triamterene","Neutral/weak base","Neutral/weak base",2108.2,3.323911809,0,149.5,4.17,1,0,3.19,5.897
"Triamterene","Triamterene","Neutral/weak base","Neutral/weak base",1497.8,3.175453826,0,149.5,4.17,1,0,5.29,3.225
"Triamterene","Triamterene","Neutral/weak base","Neutral/weak base",323.04,2.509256302,0,149.5,4.17,1,0,6.73,3.479
"Triamterene","Triamterene","Neutral/weak base","Neutral/weak base",360.15,2.556483419,0,149.5,4.17,1,0,4.76,1.338
"Triamterene","Triamterene","Neutral/weak base","Neutral/weak base",349.12,2.542974729,0,149.5,4.17,1,0,5.17,1.447
"Triamterene","Triamterene","Neutral/weak base","Neutral/weak base",254.33,2.405397591,0,149.5,4.17,1,0,7.4,1.882
"Triamterene","Triamterene","Neutral/weak base","Neutral/weak base",397.62,2.599468221,0,149.5,4.17,1,0,7.07,1.813
"Triamterene","Triamterene","Neutral/weak base","Neutral/weak base",310.4,2.491921713,0,149.5,4.17,1,0,7.35,1.434
"Triamterene","Triamterene","Neutral/weak base","Neutral/weak base",262.8,2.419625361,0,149.5,4.17,1,0,7.43,1.227
"Triamterene","Triamterene","Neutral/weak base","Neutral/weak base",496.94,2.696303956,0,149.5,4.17,1,0,7.18,4.53
"Triamterene","Triamterene","Neutral/weak base","Neutral/weak base",609.68,2.785101949,0,149.5,4.17,1,0,6.73,3.259
"Triamterene","Triamterene","Neutral/weak base","Neutral/weak base",494.24,2.693937891,0,149.5,4.17,1,0,7.39,3.539
"Trimethoprim","Trimethoprim","Base ","Base ",362.49,2.55929603,0,220.8,3.7,5,0,6.04,4.073
"Trimethoprim","Trimethoprim","Base ","Base ",299.63,2.476585294,0,220.8,3.7,5,0,3.19,5.897
"Trimethoprim","Trimethoprim","Base ","Base ",123.65,2.092194121,0,220.8,3.7,5,0,5.29,3.225
"Trimethoprim","Trimethoprim","Base ","Base ",86.896,1.938999785,0,220.8,3.7,5,0,6.73,3.479
"Trimethoprim","Trimethoprim","Base ","Base ",29.477,1.469483281,0,220.8,3.7,5,0,4.76,1.338
"Trimethoprim","Trimethoprim","Base ","Base ",41.892,1.622131095,0,220.8,3.7,5,0,5.17,1.447
"Trimethoprim","Trimethoprim","Base ","Base ",71.092,1.851820732,0,220.8,3.7,5,0,7.4,1.882
"Trimethoprim","Trimethoprim","Base ","Base ",196.28,2.292876049,0,220.8,3.7,5,0,7.07,1.813
"Trimethoprim","Trimethoprim","Base ","Base ",164.24,2.215478936,0,220.8,3.7,5,0,7.35,1.434
"Trimethoprim","Trimethoprim","Base ","Base ",112.84,2.052463077,0,220.8,3.7,5,0,7.43,1.227
"Trimethoprim","Trimethoprim","Base ","Base ",319.54,2.504525231,0,220.8,3.7,5,0,7.18,4.53
"Trimethoprim","Trimethoprim","Base ","Base ",124.42,2.094890197,0,220.8,3.7,5,0,6.73,3.259
"Trimethoprim","Trimethoprim","Base ","Base ",226.55,2.355164067,0,220.8,3.7,5,0,7.39,3.539
"Tylosin","Tylosin","Base ","Base ",170.87,2.232665819,0,735.3,2.585,13,5,6.04,4.073
"Tylosin","Tylosin","Base ","Base ",9.039,0.956120386,0,735.3,2.585,13,5,3.19,5.897
"Tylosin","Tylosin","Base ","Base ",7.193,0.85691006,0,735.3,2.585,13,5,5.29,3.225
"Tylosin","Tylosin","Base ","Base ",29.127,1.464295756,0,735.3,2.585,13,5,6.73,3.479
"Tylosin","Tylosin","Base ","Base ",3.458,0.538824989,0,735.3,2.585,13,5,4.76,1.338
"Tylosin","Tylosin","Base ","Base ",28.278,1.45144869,0,735.3,2.585,13,5,5.17,1.447
"Tylosin","Tylosin","Base ","Base ",87.903,1.944003697,0,735.3,2.585,13,5,7.4,1.882
"Tylosin","Tylosin","Base ","Base ",1458.9,3.164025524,0,735.3,2.585,13,5,7.07,1.813
"Tylosin","Tylosin","Base ","Base ",490.08,2.690266979,0,735.3,2.585,13,5,7.35,1.434
"Tylosin","Tylosin","Base ","Base ",333.44,2.523017697,0,735.3,2.585,13,5,7.43,1.227
"Tylosin","Tylosin","Base ","Base ",855.78,2.932362133,0,735.3,2.585,13,5,7.18,4.53
"Tylosin","Tylosin","Base ","Base ",244.11,2.387585571,0,735.3,2.585,13,5,6.73,3.259
"Tylosin","Tylosin","Base ","Base ",566.15,2.752931512,0,735.3,2.585,13,5,7.39,3.539
"Glipizide","Glipizide","Acid ","Acid ",12.203,1.086466611,98.13,331.9,4.087,7,4,6.04,4.073
"Glipizide","Glipizide","Acid ","Acid ",232.06,2.365600288,6.9,331.9,4.087,7,4,3.19,5.897
"Glipizide","Glipizide","Acid ","Acid ",33.955,1.530903735,90.32,331.9,4.087,7,4,5.29,3.225
"Glipizide","Glipizide","Acid ","Acid ",4.511,0.654272827,99.61,331.9,4.087,7,4,6.73,3.479
"Glipizide","Glipizide","Acid ","Acid ",13.349,1.125448733,73.36,331.9,4.087,7,4,4.76,1.338
"Glipizide","Glipizide","Acid ","Acid ",15.904,1.201506367,87.62,331.9,4.087,7,4,5.17,1.447
"Glipizide","Glipizide","Acid ","Acid ",2.485,0.395326393,99.92,331.9,4.087,7,4,7.4,1.882
"Glipizide","Glipizide","Acid ","Acid ",3.935,0.594944737,99.82,331.9,4.087,7,4,7.07,1.813
"Glipizide","Glipizide","Acid ","Acid ",5.279,0.722551662,99.91,331.9,4.087,7,4,7.35,1.434
"Glipizide","Glipizide","Acid ","Acid ",2.566,0.409256652,99.92,331.9,4.087,7,4,7.43,1.227
"Glipizide","Glipizide","Acid ","Acid ",7.579,0.879611907,99.86,331.9,4.087,7,4,7.18,4.53
"Glipizide","Glipizide","Acid ","Acid ",7.274,0.861773297,99.61,331.9,4.087,7,4,6.73,3.259
"Glipizide","Glipizide","Acid ","Acid ",6.512,0.813714392,99.91,331.9,4.087,7,4,7.39,3.539
"Naproxen","Naproxen","Acid ","Acid ",5.402,0.73255458,98.61,192.3,3.7,3,1,6.04,4.073
"Naproxen","Naproxen","Acid ","Acid ",243.89,2.387193994,9.09,192.3,3.7,3,1,3.19,5.897
"Naproxen","Naproxen","Acid ","Acid ",8.146,0.910944406,92.64,192.3,3.7,3,1,5.29,3.225
"Naproxen","Naproxen","Acid ","Acid ",2.447,0.388633969,99.71,192.3,3.7,3,1,6.73,3.479
"Naproxen","Naproxen","Acid ","Acid ",13.178,1.119849503,78.79,192.3,3.7,3,1,4.76,1.338
"Naproxen","Naproxen","Acid ","Acid ",13.265,1.122707254,90.52,192.3,3.7,3,1,5.17,1.447
"Naproxen","Naproxen","Acid ","Acid ",1.792,0.253338005,99.94,192.3,3.7,3,1,7.4,1.882
"Naproxen","Naproxen","Acid ","Acid ",1.074,0.031004281,99.87,192.3,3.7,3,1,7.07,1.813
"Naproxen","Naproxen","Acid ","Acid ",2.255,0.353146546,99.93,192.3,3.7,3,1,7.35,1.434
"Naproxen","Naproxen","Acid ","Acid ",1.403,0.147057671,99.94,192.3,3.7,3,1,7.43,1.227
"Naproxen","Naproxen","Acid ","Acid ",2.307,0.363047595,99.9,192.3,3.7,3,1,7.18,4.53
"Naproxen","Naproxen","Acid ","Acid ",5.09,0.706717782,99.71,192.3,3.7,3,1,6.73,3.259
"Naproxen","Naproxen","Acid ","Acid ",3.306,0.519302849,99.94,192.3,3.7,3,1,7.39,3.539
"Phenytoin","Phenytoin","Acid ","Acid ",9.571,0.980957316,0.35,197.9,3.907,2,2,6.04,4.073
"Phenytoin","Phenytoin","Acid","Acid",30.11,1.478710756,0,197.9,3.907,2,2,3.19,5.897
"Phenytoin","Phenytoin","Acid ","Acid ",3.546,0.549738731,0.06,197.9,3.907,2,2,5.29,3.225
"Phenytoin","Phenytoin","Acid","Acid",5.167,0.713238462,1.71,197.9,3.907,2,2,6.73,3.479
"Phenytoin","Phenytoin","Acid ","Acid ",1.236,0.092018471,0.02,197.9,3.907,2,2,4.76,1.338
"Phenytoin","Phenytoin","Acid","Acid",2.87,0.457881897,0.05,197.9,3.907,2,2,5.17,1.447
"Phenytoin","Phenytoin","Acid ","Acid ",4.7,0.672097858,7.52,197.9,3.907,2,2,7.4,1.882
"Phenytoin","Phenytoin","Acid","Acid",2.886,0.460296327,3.66,197.9,3.907,2,2,7.07,1.813
"Phenytoin","Phenytoin","Acid ","Acid ",4.672,0.669502834,6.76,197.9,3.907,2,2,7.35,1.434
"Phenytoin","Phenytoin","Acid","Acid",3.956,0.597256283,8.01,197.9,3.907,2,2,7.43,1.227
"Phenytoin","Phenytoin","Acid ","Acid ",12.637,1.101643985,4.67,197.9,3.907,2,2,7.18,4.53
"Phenytoin","Phenytoin","Acid","Acid",8.541,0.931508722,1.71,197.9,3.907,2,2,6.73,3.259
"Phenytoin","Phenytoin","Acid ","Acid ",9.025,0.955447211,7.36,197.9,3.907,2,2,7.39,3.539
"Sulfadiazine","Sulfadiazine","Acid ","Acid ",2.36,0.372912003,10.09,167.3,3.907,3,2,6.04,4.073
"Sulfadiazine","Sulfadiazine","Acid ","Acid ",193.83,2.287420996,0.01,167.3,3.907,3,2,3.19,5.897
"Sulfadiazine","Sulfadiazine","Acid ","Acid ",1.444,0.159567193,1.96,167.3,3.907,3,2,5.29,3.225
"Sulfadiazine","Sulfadiazine","Acid ","Acid ",1.778,0.249931757,35.46,167.3,3.907,3,2,6.73,3.479
"Sulfadiazine","Sulfadiazine","Acid ","Acid ",1.65,0.217483944,0.58,167.3,3.907,3,2,4.76,1.338
"Sulfadiazine","Sulfadiazine","Acid ","Acid ",2.227,0.347720217,1.49,167.3,3.907,3,2,5.17,1.447
"Sulfadiazine","Sulfadiazine","Acid ","Acid ",1.135,0.054995862,71.99,167.3,3.907,3,2,7.4,1.882
"Sulfadiazine","Sulfadiazine","Acid ","Acid ",1.866,0.270911639,54.59,167.3,3.907,3,2,7.07,1.813
"Sulfadiazine","Sulfadiazine","Acid ","Acid ",3.125,0.494850022,69.61,167.3,3.907,3,2,7.35,1.434
"Sulfadiazine","Sulfadiazine","Acid ","Acid ",2.951,0.469969209,73.36,167.3,3.907,3,2,7.43,1.227
"Sulfadiazine","Sulfadiazine","Acid ","Acid ",4.21,0.624282096,60.77,167.3,3.907,3,2,7.18,4.53
"Sulfadiazine","Sulfadiazine","Acid ","Acid ",5.627,0.750276915,35.46,167.3,3.907,3,2,6.73,3.259
"Sulfadiazine","Sulfadiazine","Acid ","Acid ",4.365,0.639984248,71.53,167.3,3.907,3,2,7.39,3.539
"Sulfamethizole","Sulfamethizole","Acid ","Acid ",4.714,0.673389578,17.61,173,3.807,3,2,6.04,4.073
"Sulfamethizole","Sulfamethizole","Acid ","Acid ",108.68,2.03614963,0.03,173,3.807,3,2,3.19,5.897
"Sulfamethizole","Sulfamethizole","Acid ","Acid ",3.943,0.595826777,3.66,173,3.807,3,2,5.29,3.225
"Sulfamethizole","Sulfamethizole","Acid ","Acid ",0.334,-0.476253533,51.15,173,3.807,3,2,6.73,3.479
"Sulfamethizole","Sulfamethizole","Acid ","Acid ",5.268,0.721645766,1.11,173,3.807,3,2,4.76,1.338
"Sulfamethizole","Sulfamethizole","Acid ","Acid ",3.47,0.540329475,2.8,173,3.807,3,2,5.17,1.447
"Sulfamethizole","Sulfamethizole","Acid ","Acid ",0.596,-0.22475374,83.04,173,3.807,3,2,7.4,1.882
"Sulfamethizole","Sulfamethizole","Acid ","Acid ",0.617,-0.209714836,69.61,173,3.807,3,2,7.07,1.813
"Sulfamethizole","Sulfamethizole","Acid ","Acid ",1.353,0.131297797,81.36,173,3.807,3,2,7.35,1.434
"Sulfamethizole","Sulfamethizole","Acid ","Acid ",0.812,-0.090443971,84,173,3.807,3,2,7.43,1.227
"Sulfamethizole","Sulfamethizole","Acid ","Acid ",1.155,0.062581984,74.69,173,3.807,3,2,7.18,4.53
"Sulfamethizole","Sulfamethizole","Acid ","Acid ",3.108,0.49248101,51.15,173,3.807,3,2,6.73,3.259
"Sulfamethizole","Sulfamethizole","Acid ","Acid ",2.51,0.399673721,82.72,173,3.807,3,2,7.39,3.539
"Sulfamethoxazole","Sulfamethoxazole","Acid ","Acid ",4.745,0.676236217,43.13,173.1,3.807,3,2,6.04,4.073
"Sulfamethoxazole","Sulfamethoxazole","Acid ","Acid ",62.972,1.799147487,0.1,173.1,3.807,3,2,3.19,5.897
"Sulfamethoxazole","Sulfamethoxazole","Acid ","Acid ",4.595,0.662285516,11.88,173.1,3.807,3,2,5.29,3.225
"Sulfamethoxazole","Sulfamethoxazole","Acid ","Acid ",0.431,-0.36552273,78.79,173.1,3.807,3,2,6.73,3.479
"Sulfamethoxazole","Sulfamethoxazole","Acid ","Acid ",3.998,0.60184279,3.82,173.1,3.807,3,2,4.76,1.338
"Sulfamethoxazole","Sulfamethoxazole","Acid ","Acid ",6.771,0.830652814,9.28,173.1,3.807,3,2,5.17,1.447
"Sulfamethoxazole","Sulfamethoxazole","Acid ","Acid ",0.873,-0.058985756,94.56,173.1,3.807,3,2,7.4,1.882
"Sulfamethoxazole","Sulfamethoxazole","Acid ","Acid ",0.665,-0.177178355,89.04,173.1,3.807,3,2,7.07,1.813
"Sulfamethoxazole","Sulfamethoxazole","Acid ","Acid ",1.07,0.029383778,93.94,173.1,3.807,3,2,7.35,1.434
"Sulfamethoxazole","Sulfamethoxazole","Acid ","Acid ",0.777,-0.109578981,94.9,173.1,3.807,3,2,7.43,1.227
"Sulfamethoxazole","Sulfamethoxazole","Acid ","Acid ",2.026,0.306639441,91.28,173.1,3.807,3,2,7.18,4.53
"Sulfamethoxazole","Sulfamethoxazole","Acid ","Acid ",2.335,0.368286885,78.79,173.1,3.807,3,2,6.73,3.259
"Sulfamethoxazole","Sulfamethoxazole","Acid ","Acid ",2.091,0.320354033,94.44,173.1,3.807,3,2,7.39,3.539
"Warfarin","Warfarin","Acid ","Acid ",5.039,0.702344358,75.12,235.8,4.322,4,2,6.04,4.073
"Warfarin","Warfarin","Acid ","Acid ",125.55,2.098816717,0.42,235.8,4.322,4,2,3.19,5.897
"Warfarin","Warfarin","Acid ","Acid ",10.41,1.01745073,34.94,235.8,4.322,4,2,5.29,3.225
"Warfarin","Warfarin","Acid ","Acid ",0.821,-0.085656843,93.67,235.8,4.322,4,2,6.73,3.479
"Warfarin","Warfarin","Acid ","Acid ",8.756,0.942305753,13.68,235.8,4.322,4,2,4.76,1.338
"Warfarin","Warfarin","Acid ","Acid ",9.941,0.997430074,28.95,235.8,4.322,4,2,5.17,1.447
"Warfarin","Warfarin","Acid ","Acid ",0.775,-0.110698297,98.58,235.8,4.322,4,2,7.4,1.882
"Warfarin","Warfarin","Acid ","Acid ",0.5,-0.301029996,97,235.8,4.322,4,2,7.07,1.813
"Warfarin","Warfarin","Acid ","Acid ",0.959,-0.018181393,98.4,235.8,4.322,4,2,7.35,1.434
"Warfarin","Warfarin","Acid ","Acid ",0.684,-0.164943898,98.67,235.8,4.322,4,2,7.43,1.227
"Warfarin","Warfarin","Acid ","Acid ",1.236,0.092018471,97.66,235.8,4.322,4,2,7.18,4.53
"Warfarin","Warfarin","Acid ","Acid ",2.366,0.37401474,93.67,235.8,4.322,4,2,6.73,3.259
"Warfarin","Warfarin","Acid ","Acid ",1.477,0.169380495,98.54,235.8,4.322,4,2,7.39,3.539
"Artemisinin","Artemisinin","Neutral ","Neutral ",20.184,1.305007238,0,226.5,1,0,1,6.04,4.073
"Artemisinin","Artemisinin","Neutral ","Neutral ",86.928,1.939159688,0,226.5,1,0,1,3.19,5.897
"Artemisinin","Artemisinin","Neutral ","Neutral ",10.205,1.008813009,0,226.5,1,0,1,5.29,3.225
"Artemisinin","Artemisinin","Neutral ","Neutral ",10.042,1.001820217,0,226.5,1,0,1,6.73,3.479
"Artemisinin","Artemisinin","Neutral ","Neutral ",3.825,0.582631439,0,226.5,1,0,1,4.76,1.338
"Artemisinin","Artemisinin","Neutral ","Neutral ",7.754,0.889525797,0,226.5,1,0,1,5.17,1.447
"Artemisinin","Artemisinin","Neutral ","Neutral ",7.307,0.863739107,0,226.5,1,0,1,7.4,1.882
"Artemisinin","Artemisinin","Neutral ","Neutral ",6.814,0.833402129,0,226.5,1,0,1,7.07,1.813
"Artemisinin","Artemisinin","Neutral ","Neutral ",13.266,1.122739993,0,226.5,1,0,1,7.35,1.434
"Artemisinin","Artemisinin","Neutral ","Neutral ",8.841,0.946501391,0,226.5,1,0,1,7.43,1.227
"Artemisinin","Artemisinin","Neutral ","Neutral ",51.191,1.709193613,0,226.5,1,0,1,7.18,4.53
"Artemisinin","Artemisinin","Neutral ","Neutral ",24.788,1.394241487,0,226.5,1,0,1,6.73,3.259
"Artemisinin","Artemisinin","Neutral ","Neutral ",32.647,1.513843279,0,226.5,1,0,1,7.39,3.539
"Caffeine","Caffeine","Neutral ","Neutral ",77.345,1.888432244,0,133.4,3.7,0,2,6.04,4.073
"Caffeine","Caffeine","Neutral ","Neutral ",68.725,1.837114749,0,133.4,3.7,0,2,3.19,5.897
"Caffeine","Caffeine","Neutral ","Neutral ",13.968,1.145134226,0,133.4,3.7,0,2,5.29,3.225
"Caffeine","Caffeine","Neutral ","Neutral ",42.074,1.624013803,0,133.4,3.7,0,2,6.73,3.479
"Caffeine","Caffeine","Neutral ","Neutral ",16.151,1.208199417,0,133.4,3.7,0,2,4.76,1.338
"Caffeine","Caffeine","Neutral ","Neutral ",17.475,1.242417184,0,133.4,3.7,0,2,5.17,1.447
"Caffeine","Caffeine","Neutral ","Neutral ",35.103,1.545344234,0,133.4,3.7,0,2,7.4,1.882
"Caffeine","Caffeine","Neutral ","Neutral ",122.57,2.088384186,0,133.4,3.7,0,2,7.07,1.813
"Caffeine","Caffeine","Neutral ","Neutral ",55.558,1.744746603,0,133.4,3.7,0,2,7.35,1.434
"Caffeine","Caffeine","Neutral ","Neutral ",56.03,1.748420622,0,133.4,3.7,0,2,7.43,1.227
"Caffeine","Caffeine","Neutral ","Neutral ",167.62,2.224325836,0,133.4,3.7,0,2,7.18,4.53
"Caffeine","Caffeine","Neutral ","Neutral ",33.314,1.522626781,0,133.4,3.7,0,2,6.73,3.259
"Caffeine","Caffeine","Neutral ","Neutral ",70.583,1.848700113,0,133.4,3.7,0,2,7.39,3.539
"Carbamazepine","Carbamazepine","Neutral ","Neutral ",16.149,1.208145635,0,186.6,3.907,0,2,6.04,4.073
"Carbamazepine","Carbamazepine","Neutral ","Neutral ",55.299,1.742717278,0,186.6,3.907,0,2,3.19,5.897
"Carbamazepine","Carbamazepine","Neutral ","Neutral ",6.552,0.816373889,0,186.6,3.907,0,2,5.29,3.225
"Carbamazepine","Carbamazepine","Neutral ","Neutral ",8.136,0.91041094,0,186.6,3.907,0,2,6.73,3.479
"Carbamazepine","Carbamazepine","Neutral ","Neutral ",1.935,0.286680969,0,186.6,3.907,0,2,4.76,1.338
"Carbamazepine","Carbamazepine","Neutral ","Neutral ",3.6,0.556302501,0,186.6,3.907,0,2,5.17,1.447
"Carbamazepine","Carbamazepine","Neutral ","Neutral ",3.878,0.588607805,0,186.6,3.907,0,2,7.4,1.882
"Carbamazepine","Carbamazepine","Neutral ","Neutral ",4.024,0.604657972,0,186.6,3.907,0,2,7.07,1.813
"Carbamazepine","Carbamazepine","Neutral ","Neutral ",6.886,0.837967018,0,186.6,3.907,0,2,7.35,1.434
"Carbamazepine","Carbamazepine","Neutral ","Neutral ",4.017,0.603901832,0,186.6,3.907,0,2,7.43,1.227
"Carbamazepine","Carbamazepine","Neutral ","Neutral ",10.346,1.014772474,0,186.6,3.907,0,2,7.18,4.53
"Carbamazepine","Carbamazepine","Neutral ","Neutral ",8.694,0.939219636,0,186.6,3.907,0,2,6.73,3.259
"Carbamazepine","Carbamazepine","Neutral ","Neutral ",11.728,1.069223957,0,186.6,3.907,0,2,7.39,3.539
"Fluconazole","Fluconazole","Neutral ","Neutral ",2.732,0.436480695,0,205.3,4.087,5,0,6.04,4.073
"Fluconazole","Fluconazole","Neutral ","Neutral ",18.684,1.271469859,0,205.3,4.087,5,0,3.19,5.897
"Fluconazole","Fluconazole","Neutral ","Neutral ",2.2,0.342422681,0,205.3,4.087,5,0,5.29,3.225
"Fluconazole","Fluconazole","Neutral ","Neutral ",1.146,0.059184618,0,205.3,4.087,5,0,6.73,3.479
"Fluconazole","Fluconazole","Neutral ","Neutral ",1.282,0.107888025,0,205.3,4.087,5,0,4.76,1.338
"Fluconazole","Fluconazole","Neutral ","Neutral ",1.3,0.113943352,0,205.3,4.087,5,0,5.17,1.447
"Fluconazole","Fluconazole","Neutral ","Neutral ",0.841,-0.075204004,0,205.3,4.087,5,0,7.4,1.882
"Fluconazole","Fluconazole","Neutral ","Neutral ",3.185,0.503109437,0,205.3,4.087,5,0,7.07,1.813
"Fluconazole","Fluconazole","Neutral ","Neutral ",1.404,0.147367108,0,205.3,4.087,5,0,7.35,1.434
"Fluconazole","Fluconazole","Neutral ","Neutral ",0.976,-0.010550182,0,205.3,4.087,5,0,7.43,1.227
"Fluconazole","Fluconazole","Neutral ","Neutral ",5.055,0.70372116,0,205.3,4.087,5,0,7.18,4.53
"Fluconazole","Fluconazole","Neutral ","Neutral ",2.841,0.453471234,0,205.3,4.087,5,0,6.73,3.259
"Fluconazole","Fluconazole","Neutral ","Neutral ",2.63,0.419955748,0,205.3,4.087,5,0,7.39,3.539
"Norethisterone","Norethisterone","Neutral","Neutral",62.87,1.79844346,0,258.1,2,1,2,6.04,4.073
"Norethisterone","Norethisterone","Neutral","Neutral",128.37,2.108463541,0,258.1,2,1,2,3.19,5.897
"Norethisterone","Norethisterone","Neutral","Neutral",42.189,1.625199231,0,258.1,2,1,2,5.29,3.225
"Norethisterone","Norethisterone","Neutral","Neutral",47.056,1.672615007,0,258.1,2,1,2,6.73,3.479
"Norethisterone","Norethisterone","Neutral","Neutral",9.903,0.995766779,0,258.1,2,1,2,4.76,1.338
"Norethisterone","Norethisterone","Neutral","Neutral",18.407,1.264983012,0,258.1,2,1,2,5.17,1.447
"Norethisterone","Norethisterone","Neutral","Neutral",33.091,1.519709892,0,258.1,2,1,2,7.4,1.882
"Norethisterone","Norethisterone","Neutral","Neutral",46.073,1.663446492,0,258.1,2,1,2,7.07,1.813
"Norethisterone","Norethisterone","Neutral","Neutral",39.618,1.597892548,0,258.1,2,1,2,7.35,1.434
"Norethisterone","Norethisterone","Neutral","Neutral",36.473,1.561971487,0,258.1,2,1,2,7.43,1.227
"Norethisterone","Norethisterone","Neutral","Neutral",112.41,2.050804948,0,258.1,2,1,2,7.18,4.53
"Norethisterone","Norethisterone","Neutral","Neutral",61.195,1.786715939,0,258.1,2,1,2,6.73,3.259
"Norethisterone","Norethisterone","Neutral","Neutral",73.939,1.868873573,0,258.1,2,1,2,7.39,3.539
"Paracetamol","Paracetamol","Acid","Acid",37.189,1.5704145,0.04,120.9,3,1,1,6.04,4.073
"Paracetamol","Paracetamol","Acid","Acid",2.417,0.38327665,0,120.9,3,1,1,3.19,5.897
"Paracetamol","Paracetamol","Acid","Acid",30.581,1.485451683,0.01,120.9,3,1,1,5.29,3.225
"Paracetamol","Paracetamol","Acid","Acid",160.72,2.206069924,0.19,120.9,3,1,1,6.73,3.479
"Paracetamol","Paracetamol","Acid","Acid",27.805,1.444122899,0,120.9,3,1,1,4.76,1.338
"Paracetamol","Paracetamol","Acid","Acid",30.352,1.482187314,0.01,120.9,3,1,1,5.17,1.447
"Paracetamol","Paracetamol","Acid","Acid",40.075,1.602873531,0.86,120.9,3,1,1,7.4,1.882
"Paracetamol","Paracetamol","Acid","Acid",48.435,1.685159304,0.41,120.9,3,1,1,7.07,1.813
"Paracetamol","Paracetamol","Acid","Acid",1.795,0.254064453,0.77,120.9,3,1,1,7.35,1.434
"Paracetamol","Paracetamol","Acid","Acid",9.205,0.964023793,0.92,120.9,3,1,1,7.43,1.227
"Paracetamol","Paracetamol","Acid","Acid",4.158,0.618884485,0.52,120.9,3,1,1,7.18,4.53
"Paracetamol","Paracetamol","Acid","Acid",8.002,0.903198547,0.19,120.9,3,1,1,6.73,3.259
"Paracetamol","Paracetamol","Acid","Acid",13.456,1.128915978,0.84,120.9,3,1,1,7.39,3.539
"Temazepam","Temazepam","Acid","Acid",38.028,1.580103485,0,223.2,3.907,1,2,6.04,4.073
"Temazepam","Temazepam","Acid","Acid",73.551,1.866588582,0,223.2,3.907,1,2,3.19,5.897
"Temazepam","Temazepam","Acid","Acid",17.249,1.236763922,0,223.2,3.907,1,2,5.29,3.225
"Temazepam","Temazepam","Acid","Acid",25.853,1.412510946,0.01,223.2,3.907,1,2,6.73,3.479
"Temazepam","Temazepam","Acid","Acid",4.862,0.686814955,0,223.2,3.907,1,2,4.76,1.338
"Temazepam","Temazepam","Acid","Acid",8.088,0.907841143,0,223.2,3.907,1,2,5.17,1.447
"Temazepam","Temazepam","Acid","Acid",14.665,1.166282067,0.05,223.2,3.907,1,2,7.4,1.882
"Temazepam","Temazepam","Acid","Acid",19.218,1.283708189,0.02,223.2,3.907,1,2,7.07,1.813
"Temazepam","Temazepam","Acid","Acid",30.5,1.484299839,0.05,223.2,3.907,1,2,7.35,1.434
"Temazepam","Temazepam","Acid","Acid",18.931,1.277173555,0.06,223.2,3.907,1,2,7.43,1.227
"Temazepam","Temazepam","Acid","Acid",62.372,1.79498967,0.03,223.2,3.907,1,2,7.18,4.53
"Temazepam","Temazepam","Acid","Acid",33.957,1.530929315,0.01,223.2,3.907,1,2,6.73,3.259
"Temazepam","Temazepam","Acid","Acid",44.073,1.644172613,0.05,223.2,3.907,1,2,7.39,3.539
"Cetirizine","Cetirizine","Zwitterion","Acid",145.09,2.161637481,-999,314.2,3.807,8,1,6.04,4.073
"Cetirizine","Cetirizine","Zwitterion","Base",385.64,2.586182074,-999,314.2,3.807,8,1,3.19,5.897
"Cetirizine","Cetirizine","Zwitterion","Acid",47.802,1.679446068,-999,314.2,3.807,8,1,5.29,3.225
"Cetirizine","Cetirizine","Zwitterion","Acid",48.816,1.68856219,-999,314.2,3.807,8,1,6.73,3.479
"Cetirizine","Cetirizine","Zwitterion","Acid",31.377,1.496611418,-999,314.2,3.807,8,1,4.76,1.338
"Cetirizine","Cetirizine","Zwitterion","Acid",39.46,1.596157081,-999,314.2,3.807,8,1,5.17,1.447
"Cetirizine","Cetirizine","Zwitterion","Acid",38.76,1.588383768,-999,314.2,3.807,8,1,7.4,1.882
"Cetirizine","Cetirizine","Zwitterion","Acid",207.94,2.31793804,-999,314.2,3.807,8,1,7.07,1.813
"Cetirizine","Cetirizine","Zwitterion","Acid",98.311,1.992602114,-999,314.2,3.807,8,1,7.35,1.434
"Cetirizine","Cetirizine","Zwitterion","Acid",78.102,1.892662155,-999,314.2,3.807,8,1,7.43,1.227
"Cetirizine","Cetirizine","Zwitterion","Acid",306.6,2.486572151,-999,314.2,3.807,8,1,7.18,4.53
"Cetirizine","Cetirizine","Zwitterion","Acid",85.045,1.929648785,-999,314.2,3.807,8,1,6.73,3.259
"Cetirizine","Cetirizine","Zwitterion","Acid",109.72,2.040285799,-999,314.2,3.807,8,1,7.39,3.539
"Ciprofloxacin","Ciprofloxacin","Zwitterion","Acid",11809,4.072213123,-999,226.8,3.807,3,2,6.04,4.073
"Ciprofloxacin","Ciprofloxacin","Zwitterion","Base",10107,4.004622266,-999,226.8,3.807,3,2,3.19,5.897
"Ciprofloxacin","Ciprofloxacin","Zwitterion","Base",13874,4.14220169,-999,226.8,3.807,3,2,5.29,3.225
"Ciprofloxacin","Ciprofloxacin","Zwitterion","Acid",1880.9,3.274365706,-999,226.8,3.807,3,2,6.73,3.479
"Ciprofloxacin","Ciprofloxacin","Zwitterion","Base",8533.7,3.931137371,-999,226.8,3.807,3,2,4.76,1.338
"Ciprofloxacin","Ciprofloxacin","Zwitterion","Base",7610.5,3.88141319,-999,226.8,3.807,3,2,5.17,1.447
"Ciprofloxacin","Ciprofloxacin","Zwitterion","Acid",2218,3.345961542,-999,226.8,3.807,3,2,7.4,1.882
"Ciprofloxacin","Ciprofloxacin","Zwitterion","Acid",14865,4.172164914,-999,226.8,3.807,3,2,7.07,1.813
"Ciprofloxacin","Ciprofloxacin","Zwitterion","Acid",4109.2,3.613757279,-999,226.8,3.807,3,2,7.35,1.434
"Ciprofloxacin","Ciprofloxacin","Zwitterion","Acid",1758.3,3.245092976,-999,226.8,3.807,3,2,7.43,1.227
"Ciprofloxacin","Ciprofloxacin","Zwitterion","Acid",6585.2,3.81856897,-999,226.8,3.807,3,2,7.18,4.53
"Ciprofloxacin","Ciprofloxacin","Zwitterion","Acid",6412,3.806993514,-999,226.8,3.807,3,2,6.73,3.259
"Ciprofloxacin","Ciprofloxacin","Zwitterion","Acid",2660.5,3.424963263,-999,226.8,3.807,3,2,7.39,3.539
"Enrofloxacin","Enrofloxacin","Zwitterion","Acid",20689,4.3157395,-999,259.4,3.807,4,2,6.04,4.073
"Enrofloxacin","Enrofloxacin","Zwitterion","Base",19627,4.292853922,-999,259.4,3.807,4,2,3.19,5.897
"Enrofloxacin","Enrofloxacin","Zwitterion","Base",12968,4.112873002,-999,259.4,3.807,4,2,5.29,3.225
"Enrofloxacin","Enrofloxacin","Zwitterion","Acid",2612.3,3.41702305,-999,259.4,3.807,4,2,6.73,3.479
"Enrofloxacin","Enrofloxacin","Zwitterion","Base",10161,4.006936451,-999,259.4,3.807,4,2,4.76,1.338
"Enrofloxacin","Enrofloxacin","Zwitterion","Base",11391,4.056561852,-999,259.4,3.807,4,2,5.17,1.447
"Enrofloxacin","Enrofloxacin","Zwitterion","Acid",2555.4,3.40745889,-999,259.4,3.807,4,2,7.4,1.882
"Enrofloxacin","Enrofloxacin","Zwitterion","Acid",4887.3,3.689068998,-999,259.4,3.807,4,2,7.35,1.434
"Enrofloxacin","Enrofloxacin","Zwitterion","Acid",3550.2,3.55025282,-999,259.4,3.807,4,2,7.43,1.227
"Enrofloxacin","Enrofloxacin","Zwitterion","Acid",10133,4.005738043,-999,259.4,3.807,4,2,7.18,4.53
"Enrofloxacin","Enrofloxacin","Zwitterion","Acid",8368.5,3.92264762,-999,259.4,3.807,4,2,6.73,3.259
"Enrofloxacin","Enrofloxacin","Zwitterion","Acid",4712.8,3.67327901,-999,259.4,3.807,4,2,7.39,3.539
"Fexofenadine","Fexofenadine","Zwitterion","Acid",78.798,1.896515195,-999,428.1,4.322,10,1,6.04,4.073
"Fexofenadine","Fexofenadine","Zwitterion","Base",377.73,2.577181479,-999,428.1,4.322,10,1,3.19,5.897
"Fexofenadine","Fexofenadine","Zwitterion","Acid",29.626,1.471673019,-999,428.1,4.322,10,1,5.29,3.225
"Fexofenadine","Fexofenadine","Zwitterion","Acid",21.936,1.341157437,-999,428.1,4.322,10,1,6.73,3.479
"Fexofenadine","Fexofenadine","Zwitterion","Acid",32.273,1.508839338,-999,428.1,4.322,10,1,4.76,1.338
"Fexofenadine","Fexofenadine","Zwitterion","Acid",36.344,1.560432724,-999,428.1,4.322,10,1,5.17,1.447
"Fexofenadine","Fexofenadine","Zwitterion","Acid",32.746,1.515158257,-999,428.1,4.322,10,1,7.4,1.882
"Fexofenadine","Fexofenadine","Zwitterion","Acid",133.46,2.125351121,-999,428.1,4.322,10,1,7.07,1.813
"Fexofenadine","Fexofenadine","Zwitterion","Acid",118.31,2.073021454,-999,428.1,4.322,10,1,7.35,1.434
"Fexofenadine","Fexofenadine","Zwitterion","Acid",83.926,1.923896525,-999,428.1,4.322,10,1,7.43,1.227
"Fexofenadine","Fexofenadine","Zwitterion","Acid",300.7,2.478133428,-999,428.1,4.322,10,1,7.18,4.53
"Fexofenadine","Fexofenadine","Zwitterion","Acid",70.329,1.847134442,-999,428.1,4.322,10,1,6.73,3.259
"Fexofenadine","Fexofenadine","Zwitterion","Acid",133.29,2.124797568,-999,428.1,4.322,10,1,7.39,3.539
"Gabapentin","Gabapentin","Zwitterion","Acid",0.654,-0.184422252,-999,161.8,1,3,1,6.04,4.073
"Gabapentin","Gabapentin","Zwitterion","Base",5.228,0.718335579,-999,161.8,1,3,1,3.19,5.897
"Gabapentin","Gabapentin","Zwitterion","Acid",0.459,-0.338187314,-999,161.8,1,3,1,5.29,3.225
"Gabapentin","Gabapentin","Zwitterion","Acid",0.201,-0.696803943,-999,161.8,1,3,1,6.73,3.479
"Gabapentin","Gabapentin","Zwitterion","Acid",0.728,-0.137868621,-999,161.8,1,3,1,4.76,1.338
"Gabapentin","Gabapentin","Zwitterion","Acid",1.175,0.070037867,-999,161.8,1,3,1,5.17,1.447
"Gabapentin","Gabapentin","Zwitterion","Acid",0.762,-0.118045029,-999,161.8,1,3,1,7.4,1.882
"Gabapentin","Gabapentin","Zwitterion","Acid",0.256,-0.591760035,-999,161.8,1,3,1,7.07,1.813
"Gabapentin","Gabapentin","Zwitterion","Acid",0.474,-0.324221658,-999,161.8,1,3,1,7.35,1.434
"Gabapentin","Gabapentin","Zwitterion","Acid",0.508,-0.294136288,-999,161.8,1,3,1,7.43,1.227
"Gabapentin","Gabapentin","Zwitterion","Acid",0.764,-0.116906641,-999,161.8,1,3,1,7.18,4.53
"Gabapentin","Gabapentin","Zwitterion","Acid",0.779,-0.108462542,-999,161.8,1,3,1,6.73,3.259
"Gabapentin","Gabapentin","Zwitterion","Acid",1.096,0.039810554,-999,161.8,1,3,1,7.39,3.539
"Oxytetracycline","Oxytetracycline","Zwitterion","Acid",1432.5,3.156094631,-999,268.2,3.585,2,5,6.04,4.073
"Oxytetracycline","Oxytetracycline","Zwitterion","Acid",3005.7,3.477945631,-999,268.2,3.585,2,5,3.19,5.897
"Oxytetracycline","Oxytetracycline","Zwitterion","Acid",1486.5,3.172164914,-999,268.2,3.585,2,5,5.29,3.225
"Oxytetracycline","Oxytetracycline","Zwitterion","Acid",1086.5,3.036029731,-999,268.2,3.585,2,5,6.73,3.479
"Oxytetracycline","Oxytetracycline","Zwitterion","Acid",1577.8,3.198051952,-999,268.2,3.585,2,5,4.76,1.338
"Oxytetracycline","Oxytetracycline","Zwitterion","Acid",2113.6,3.3250228,-999,268.2,3.585,2,5,5.17,1.447
"Oxytetracycline","Oxytetracycline","Zwitterion","Acid",1726.4,3.237141427,-999,268.2,3.585,2,5,7.4,1.882
"Oxytetracycline","Oxytetracycline","Zwitterion","Acid",3048.5,3.484086199,-999,268.2,3.585,2,5,7.43,1.227
"Pregabalin","Pregabalin","Zwitterion","Acid",0.709,-0.149353765,-999,159.6,1,5,1,6.04,4.073
"Pregabalin","Pregabalin","Zwitterion","Base",5.392,0.731749884,-999,159.6,1,5,1,3.19,5.897
"Pregabalin","Pregabalin","Zwitterion","Acid",1.205,0.080987047,-999,159.6,1,5,1,5.29,3.225
"Pregabalin","Pregabalin","Zwitterion","Acid",0.488,-0.311580178,-999,159.6,1,5,1,6.73,3.479
"Pregabalin","Pregabalin","Zwitterion","Base",0.89,-0.050609993,-999,159.6,1,5,1,4.76,1.338
"Pregabalin","Pregabalin","Zwitterion","Acid",1.315,0.118925753,-999,159.6,1,5,1,5.17,1.447
"Pregabalin","Pregabalin","Zwitterion","Acid",1.076,0.031812271,-999,159.6,1,5,1,7.4,1.882
"Pregabalin","Pregabalin","Zwitterion","Acid",0.375,-0.425968732,-999,159.6,1,5,1,7.07,1.813
"Pregabalin","Pregabalin","Zwitterion","Acid",0.95,-0.022276395,-999,159.6,1,5,1,7.35,1.434
"Pregabalin","Pregabalin","Zwitterion","Acid",0.995,-0.002176919,-999,159.6,1,5,1,7.43,1.227
"Pregabalin","Pregabalin","Zwitterion","Acid",1.637,0.214048679,-999,159.6,1,5,1,7.18,4.53
"Pregabalin","Pregabalin","Zwitterion","Acid",1.294,0.111934276,-999,159.6,1,5,1,6.73,3.259
"Pregabalin","Pregabalin","Zwitterion","Acid",1.456,0.163161375,-999,159.6,1,5,1,7.39,3.539
"Tetracycline","Tetracycline","Zwitterion","Acid",1735,3.239299479,-999,266.3,3.585,2,5,6.04,4.073
"Tetracycline","Tetracycline","Zwitterion","Acid",3511.1,3.545443199,-999,266.3,3.585,2,5,3.19,5.897
"Tetracycline","Tetracycline","Zwitterion","Acid",1480.8,3.170496406,-999,266.3,3.585,2,5,5.29,3.225
"Tetracycline","Tetracycline","Zwitterion","Acid",1136.2,3.055454785,-999,266.3,3.585,2,5,6.73,3.479
"Tetracycline","Tetracycline","Zwitterion","Acid",1359.4,3.133347266,-999,266.3,3.585,2,5,4.76,1.338
"Tetracycline","Tetracycline","Zwitterion","Acid",1751.1,3.243310948,-999,266.3,3.585,2,5,5.17,1.447
"Thiabendazole","Thiabendazole","Zwitterion","Zwitterionic",255.46,2.407322908,-999,143.1,4,1,0,6.04,4.073
"Thiabendazole","Thiabendazole","Zwitterion","Base",578.92,2.762618553,-999,143.1,4,1,0,3.19,5.897
"Thiabendazole","Thiabendazole","Zwitterion","Zwitterionic",335.91,2.526222933,-999,143.1,4,1,0,5.29,3.225
"Thiabendazole","Thiabendazole","Zwitterion","Zwitterionic",109.02,2.037506178,-999,143.1,4,1,0,6.73,3.479
"Thiabendazole","Thiabendazole","Zwitterion","Zwitterionic",111.12,2.045792233,-999,143.1,4,1,0,4.76,1.338
"Thiabendazole","Thiabendazole","Zwitterion","Zwitterionic",141.52,2.15081782,-999,143.1,4,1,0,5.17,1.447
"Thiabendazole","Thiabendazole","Zwitterion","Zwitterionic",56.296,1.750477538,-999,143.1,4,1,0,7.4,1.882
"Thiabendazole","Thiabendazole","Zwitterion","Zwitterionic",1365,3.135132651,-999,143.1,4,1,0,7.07,1.813
"Thiabendazole","Thiabendazole","Zwitterion","Zwitterionic",102.54,2.010893313,-999,143.1,4,1,0,7.35,1.434
"Thiabendazole","Thiabendazole","Zwitterion","Zwitterionic",74.659,1.873082169,-999,143.1,4,1,0,7.43,1.227
"Thiabendazole","Thiabendazole","Zwitterion","Zwitterionic",155.38,2.191395117,-999,143.1,4,1,0,7.18,4.53
"Thiabendazole","Thiabendazole","Zwitterion","Zwitterionic",227.1,2.356217134,-999,143.1,4,1,0,6.73,3.259
"Thiabendazole","Thiabendazole","Zwitterion","Zwitterionic",137.15,2.137195812,-999,143.1,4,1,0,7.39,3.539
